SampleName,Dataset,xsec [pb],xsec unc [pb],Ntuple List,Pileup File,Nevents,SumW,SumW2,Neff,Luminosity [/fb],TLatexName,,,
DiPhotonJetsMGG80toInf13TeVamcatnloFXFXpythia8,/DiPhotonJets_MGG-80toInf_13TeV_amcatnloFXFX_pythia8/RunIIFall17MiniAODv2-PU2017_12Apr2018_94X_mc2017_realistic_v14-v1/MINIAODSIM,138.6,.3287,/local/cms/user/wadud/aNTGCmet/aNTGC_analysis/data/ntuples_CMSSW_10_6_18_METbugfix/DiPhotonJetsMGG80toInf13TeVamcatnloFXFXpythia8.txt,/hdfs/cms/user/wadud/anTGC/analysis_data/pileup_CMSSW_10_6_18_METbugfix/DiPhotonJetsMGG80toInf13TeVamcatnloFXFXpythia8.root,3883535,1118685275,1032563994638,1211989.525,8.744513167,#gamma#gamma,,TRUE,TRUE
GJetsHT200To400TuneCP513TeVmadgraphMLMpythia8,/GJets_HT-200To400_TuneCP5_13TeV-madgraphMLM-pythia8/RunIIFall17MiniAODv2-PU2017_12Apr2018_new_pmx_94X_mc2017_realistic_v14-v2/MINIAODSIM,2193.,.6407,/local/cms/user/wadud/aNTGCmet/aNTGC_analysis/data/ntuples_CMSSW_10_6_18_METbugfix/GJetsHT200To400TuneCP513TeVmadgraphMLMpythia8.txt,/hdfs/cms/user/wadud/anTGC/analysis_data/pileup_CMSSW_10_6_18_METbugfix/GJetsHT200To400TuneCP513TeVmadgraphMLMpythia8.root,10231017,10224007,10231017,10217001.8,4.658915549,#gamma+jets,,TRUE,TRUE
GJetsHT400To600TuneCP513TeVmadgraphMLMpythia8,/GJets_HT-400To600_TuneCP5_13TeV-madgraphMLM-pythia8/RunIIFall17MiniAODv2-PU2017_12Apr2018_94X_mc2017_realistic_v14-v1/MINIAODSIM,258.3,.1133,/local/cms/user/wadud/aNTGCmet/aNTGC_analysis/data/ntuples_CMSSW_10_6_18_METbugfix/GJetsHT400To600TuneCP513TeVmadgraphMLMpythia8.txt,/hdfs/cms/user/wadud/anTGC/analysis_data/pileup_CMSSW_10_6_18_METbugfix/GJetsHT400To600TuneCP513TeVmadgraphMLMpythia8.root,4646958,4640128,4646958,4633308.039,17.9377005,#gamma+jets,,TRUE,TRUE
GJetsHT600ToInfTuneCP513TeVmadgraphMLMpythia8,/GJets_HT-600ToInf_TuneCP5_13TeV-madgraphMLM-pythia8/RunIIFall17MiniAODv2-PU2017_12Apr2018_94X_mc2017_realistic_v14-v2/MINIAODSIM,85.23,.0448,/local/cms/user/wadud/aNTGCmet/aNTGC_analysis/data/ntuples_CMSSW_10_6_18_METbugfix/GJetsHT600ToInfTuneCP513TeVmadgraphMLMpythia8.txt,/hdfs/cms/user/wadud/anTGC/analysis_data/pileup_CMSSW_10_6_18_METbugfix/GJetsHT600ToInfTuneCP513TeVmadgraphMLMpythia8.root,3289629,3278039,3289629,3266489.834,38.32558763,#gamma+jets,,TRUE,TRUE
SinglePhotonRun2017B31Mar2018v1MINIAOD,/SinglePhoton/Run2017B-31Mar2018-v1/MINIAOD,-1.,-1.,/local/cms/user/wadud/aNTGCmet/aNTGC_analysis/data/ntuples_CMSSW_10_6_18_METbugfix//SinglePhotonRun2017B31Mar2018v1.txt,/hdfs/cms/user/wadud/anTGC/analysis_data/METv5_pileup/pileup_2017_data.root,-1.,-1.,-1.,-1.,-1.,SinglePhoton 2017B,,,
SinglePhotonRun2017C31Mar2018v1MINIAOD,/SinglePhoton/Run2017C-31Mar2018-v1/MINIAOD,-1.,-1.,/local/cms/user/wadud/aNTGCmet/aNTGC_analysis/data/ntuples_CMSSW_10_6_18_METbugfix//SinglePhotonRun2017C31Mar2018v1.txt,/hdfs/cms/user/wadud/anTGC/analysis_data/METv5_pileup/pileup_2017_data.root,-1.,-1.,-1.,-1.,-1.,SinglePhoton 2017C,,,
SinglePhotonRun2017D31Mar2018v1MINIAOD,/SinglePhoton/Run2017D-31Mar2018-v1/MINIAOD,-1.,-1.,/local/cms/user/wadud/aNTGCmet/aNTGC_analysis/data/ntuples_CMSSW_10_6_18_METbugfix//SinglePhotonRun2017D31Mar2018v1.txt,/hdfs/cms/user/wadud/anTGC/analysis_data/METv5_pileup/pileup_2017_data.root,-1.,-1.,-1.,-1.,-1.,SinglePhoton 2017D,,,
SinglePhotonRun2017E31Mar2018v1MINIAOD,/SinglePhoton/Run2017E-31Mar2018-v1/MINIAOD,-1.,-1.,/local/cms/user/wadud/aNTGCmet/aNTGC_analysis/data/ntuples_CMSSW_10_6_18_METbugfix//SinglePhotonRun2017E31Mar2018v1.txt,/hdfs/cms/user/wadud/anTGC/analysis_data/METv5_pileup/pileup_2017_data.root,-1.,-1.,-1.,-1.,-1.,SinglePhoton 2017E,,,
SinglePhotonRun2017F09May2018v1MINIAOD,/SinglePhoton/Run2017F-09May2018-v1/MINIAOD,-1.,-1.,/local/cms/user/wadud/aNTGCmet/aNTGC_analysis/data/ntuples_CMSSW_10_6_18_METbugfix//SinglePhotonRun2017F09May2018v1.txt,/hdfs/cms/user/wadud/anTGC/analysis_data/METv5_pileup/pileup_2017_data.root,-1.,-1.,-1.,-1.,-1.,SinglePhoton 2017F,,,
TGJetsTuneCP513TeVamcatnlomadspinpythia8,/TGJets_TuneCP5_13TeV_amcatnlo_madspin_pythia8/RunIIFall17MiniAODv2-PU2017_12Apr2018_94X_mc2017_realistic_v14-v2/MINIAODSIM,3.055,.01255,/local/cms/user/wadud/aNTGCmet/aNTGC_analysis/data/ntuples_CMSSW_10_6_18_METbugfix/TGJetsTuneCP513TeVamcatnlomadspinpythia8.txt,/hdfs/cms/user/wadud/anTGC/analysis_data/pileup_CMSSW_10_6_18_METbugfix/TGJetsTuneCP513TeVamcatnlomadspinpythia8.root,1909000,5919452.74,483056959.2,72537.86552,23.74398217,t+#gamma+jets,,TRUE,TRUE
TTGJetsTuneCP513TeVamcatnloFXFXmadspinpythia8,/TTGJets_TuneCP5_13TeV-amcatnloFXFX-madspin-pythia8/RunIIFall17MiniAODv2-PU2017_12Apr2018_new_pmx_94X_mc2017_realistic_v14-v1/MINIAODSIM,4.115,.008572,/local/cms/user/wadud/aNTGCmet/aNTGC_analysis/data/ntuples_CMSSW_10_6_18_METbugfix/TTGJetsTuneCP513TeVamcatnloFXFXmadspinpythia8.txt,/hdfs/cms/user/wadud/anTGC/analysis_data/pileup_CMSSW_10_6_18_METbugfix/TTGJetsTuneCP513TeVamcatnloFXFXmadspinpythia8.root,7349100,52378711.1,2475099191,1108452.294,269.3687227,t#bar{t}+#gamma+jets,,TRUE,TRUE
WGJetsMonoPhotonPtG130TuneCP513TeVmadgraph,/WGJets_MonoPhoton_PtG-130_TuneCP5_13TeV-madgraph/RunIIFall17MiniAODv2-PU2017_12Apr2018_94X_mc2017_realistic_v14-v1/MINIAODSIM,0.7158,0.0002675,/local/cms/user/wadud/aNTGCmet/aNTGC_analysis/data/ntuples_CMSSW_10_6_18_METbugfix/WGJetsMonoPhotonPtG130TuneCP513TeVmadgraph.txt,/hdfs/cms/user/wadud/anTGC/analysis_data/pileup_CMSSW_10_6_18_METbugfix/WGJetsMonoPhotonPtG130TuneCP513TeVmadgraph.root,4917580,4903944,4917580,4890345.811,6832.000295,W+#gamma (p_{T}^{#gamma}>130 GeV),,TRUE,TRUE
WGToLNuGPtG130TuneCP513TeVamcatnloFXFXpythia8,/WGToLNuG_PtG-130_TuneCP5_13TeV-amcatnloFXFX-pythia8/RunIIFall17MiniAODv2-PU2017_12Apr2018_94X_mc2017_realistic_v14-v1/MINIAODSIM,1.126,.00195,/local/cms/user/wadud/aNTGCmet/aNTGC_analysis/data/ntuples_CMSSW_10_6_18_METbugfix/WGToLNuGPtG130TuneCP513TeVamcatnloFXFXpythia8.txt,/hdfs/cms/user/wadud/anTGC/analysis_data/pileup_CMSSW_10_6_18_METbugfix/WGToLNuGPtG130TuneCP513TeVamcatnloFXFXpythia8.root,2011805,3734874.899,25552788.26,545900.9158,484.8143124,W+#gamma,,TRUE,TRUE
WJetsToLNuHT100To200TuneCP513TeVmadgraphMLMpythia8RunIIFall17MiniAODv2PU201712Apr201894Xmc2017realisticv14v2,/WJetsToLNu_HT-100To200_TuneCP5_13TeV-madgraphMLM-pythia8/RunIIFall17MiniAODv2-PU2017_12Apr2018_94X_mc2017_realistic_v14-v2/MINIAODSIM,1394,0.2149,/local/cms/user/wadud/aNTGCmet/aNTGC_analysis/data/ntuples_CMSSW_10_6_18_METbugfix/WJetsToLNuHT100To200TuneCP513TeVmadgraphMLMpythia8RunIIFall17MiniAODv2PU201712Apr201894Xmc2017realisticv14v2.txt,/hdfs/cms/user/wadud/anTGC/analysis_data/pileup_CMSSW_10_6_18_METbugfix/WJetsToLNuHT100To200TuneCP513TeVmadgraphMLMpythia8RunIIFall17MiniAODv2PU201712Apr201894Xmc2017realisticv14v2.root,35862893,35804623,35862893,35746447.68,25.64307581,,,TRUE,TRUE
WJetsToLNuHT1200To2500TuneCP513TeVmadgraphMLMpythia8RunIIFall17MiniAODv2PU201712Apr201894Xmc2017realisticv14v1,/WJetsToLNu_HT-1200To2500_TuneCP5_13TeV-madgraphMLM-pythia8/RunIIFall17MiniAODv2-PU2017_12Apr2018_94X_mc2017_realistic_v14-v1/MINIAODSIM,1.082,0.0002308,/local/cms/user/wadud/aNTGCmet/aNTGC_analysis/data/ntuples_CMSSW_10_6_18_METbugfix/WJetsToLNuHT1200To2500TuneCP513TeVmadgraphMLMpythia8RunIIFall17MiniAODv2PU201712Apr201894Xmc2017realisticv14v1.txt,/hdfs/cms/user/wadud/anTGC/analysis_data/pileup_CMSSW_10_6_18_METbugfix/WJetsToLNuHT1200To2500TuneCP513TeVmadgraphMLMpythia8RunIIFall17MiniAODv2PU201712Apr201894Xmc2017realisticv14v1.root,20258624,19991892,20258624,19728671.89,18233.523,,,TRUE,TRUE
WJetsToLNuHT200To400TuneCP513TeVmadgraphMLMpythia8RunIIFall17MiniAODv2PU201712Apr201894Xmc2017realisticv14v1,/WJetsToLNu_HT-200To400_TuneCP5_13TeV-madgraphMLM-pythia8/RunIIFall17MiniAODv2-PU2017_12Apr2018_94X_mc2017_realistic_v14-v1/MINIAODSIM,409.4,0.08321,/local/cms/user/wadud/aNTGCmet/aNTGC_analysis/data/ntuples_CMSSW_10_6_18_METbugfix/WJetsToLNuHT200To400TuneCP513TeVmadgraphMLMpythia8RunIIFall17MiniAODv2PU201712Apr201894Xmc2017realisticv14v1.txt,/hdfs/cms/user/wadud/anTGC/analysis_data/pileup_CMSSW_10_6_18_METbugfix/WJetsToLNuHT200To400TuneCP513TeVmadgraphMLMpythia8RunIIFall17MiniAODv2PU201712Apr201894Xmc2017realisticv14v1.root,21250517,21192211,21250517,21134064.98,51.62204441,,,TRUE,TRUE
WJetsToLNuHT2500ToInfTuneCP513TeVmadgraphMLMpythia8RunIIFall17MiniAODv2PU201712Apr201894Xmc2017realisticv14v3,/WJetsToLNu_HT-2500ToInf_TuneCP5_13TeV-madgraphMLM-pythia8/RunIIFall17MiniAODv2-PU2017_12Apr2018_94X_mc2017_realistic_v14-v3/MINIAODSIM,0.008099,0.000001715,/local/cms/user/wadud/aNTGCmet/aNTGC_analysis/data/ntuples_CMSSW_10_6_18_METbugfix/WJetsToLNuHT2500ToInfTuneCP513TeVmadgraphMLMpythia8RunIIFall17MiniAODv2PU201712Apr201894Xmc2017realisticv14v3.txt,/hdfs/cms/user/wadud/anTGC/analysis_data/pileup_CMSSW_10_6_18_METbugfix/WJetsToLNuHT2500ToInfTuneCP513TeVmadgraphMLMpythia8RunIIFall17MiniAODv2PU201712Apr201894Xmc2017realisticv14v3.root,21495421,20629585,21495421,19798624.89,2444576.477,,,TRUE,TRUE
WJetsToLNuHT400To600TuneCP513TeVmadgraphMLMpythia8RunIIFall17MiniAODv2PU201712Apr201894Xmc2017realisticv14v1,/WJetsToLNu_HT-400To600_TuneCP5_13TeV-madgraphMLM-pythia8/RunIIFall17MiniAODv2-PU2017_12Apr2018_94X_mc2017_realistic_v14-v1/MINIAODSIM,57.88,0.01447,/local/cms/user/wadud/aNTGCmet/aNTGC_analysis/data/ntuples_CMSSW_10_6_18_METbugfix/WJetsToLNuHT400To600TuneCP513TeVmadgraphMLMpythia8RunIIFall17MiniAODv2PU201712Apr201894Xmc2017realisticv14v1.txt,/hdfs/cms/user/wadud/anTGC/analysis_data/pileup_CMSSW_10_6_18_METbugfix/WJetsToLNuHT400To600TuneCP513TeVmadgraphMLMpythia8RunIIFall17MiniAODv2PU201712Apr201894Xmc2017realisticv14v1.root,14313274,14250114,14313274,14187232.71,245.1145942,,,TRUE,TRUE
WJetsToLNuHT600To800TuneCP513TeVmadgraphMLMpythia8RunIIFall17MiniAODv2PU201712Apr201894Xmc2017realisticv14v1,/WJetsToLNu_HT-600To800_TuneCP5_13TeV-madgraphMLM-pythia8/RunIIFall17MiniAODv2-PU2017_12Apr2018_94X_mc2017_realistic_v14-v1/MINIAODSIM,12.94,0.004454,/local/cms/user/wadud/aNTGCmet/aNTGC_analysis/data/ntuples_CMSSW_10_6_18_METbugfix/WJetsToLNuHT600To800TuneCP513TeVmadgraphMLMpythia8RunIIFall17MiniAODv2PU201712Apr201894Xmc2017realisticv14v1.txt,/hdfs/cms/user/wadud/anTGC/analysis_data/pileup_CMSSW_10_6_18_METbugfix/WJetsToLNuHT600To800TuneCP513TeVmadgraphMLMpythia8RunIIFall17MiniAODv2PU201712Apr201894Xmc2017realisticv14v1.root,21709087,21582309,21709087,21456271.37,1658.135345,,,TRUE,TRUE
WJetsToLNuHT70To100TuneCP513TeVmadgraphMLMpythia8RunIIFall17MiniAODv2PU201712Apr201894Xmc2017realisticv14v1,/WJetsToLNu_HT-70To100_TuneCP5_13TeV-madgraphMLM-pythia8/RunIIFall17MiniAODv2-PU2017_12Apr2018_94X_mc2017_realistic_v14-v1/MINIAODSIM,1293,0.2478,/local/cms/user/wadud/aNTGCmet/aNTGC_analysis/data/ntuples_CMSSW_10_6_18_METbugfix/WJetsToLNuHT70To100TuneCP513TeVmadgraphMLMpythia8RunIIFall17MiniAODv2PU201712Apr201894Xmc2017realisticv14v1.txt,/hdfs/cms/user/wadud/anTGC/analysis_data/pileup_CMSSW_10_6_18_METbugfix/WJetsToLNuHT70To100TuneCP513TeVmadgraphMLMpythia8RunIIFall17MiniAODv2PU201712Apr201894Xmc2017realisticv14v1.root,22255124,22229710,22255124,22204325.02,17.1727185,,,TRUE,TRUE
WJetsToLNuHT800To1200TuneCP513TeVmadgraphMLMpythia8RunIIFall17MiniAODv2PU201712Apr201894Xmc2017realisticv14v1,/WJetsToLNu_HT-800To1200_TuneCP5_13TeV-madgraphMLM-pythia8/RunIIFall17MiniAODv2-PU2017_12Apr2018_94X_mc2017_realistic_v14-v1/MINIAODSIM,5.399,0.001139,/local/cms/user/wadud/aNTGCmet/aNTGC_analysis/data/ntuples_CMSSW_10_6_18_METbugfix/WJetsToLNuHT800To1200TuneCP513TeVmadgraphMLMpythia8RunIIFall17MiniAODv2PU201712Apr201894Xmc2017realisticv14v1.txt,/hdfs/cms/user/wadud/anTGC/analysis_data/pileup_CMSSW_10_6_18_METbugfix/WJetsToLNuHT800To1200TuneCP513TeVmadgraphMLMpythia8RunIIFall17MiniAODv2PU201712Apr201894Xmc2017realisticv14v1.root,20432728,20272990,20432728,20114500.79,3725.597479,,,TRUE,TRUE
WJetsToLNuTuneCP513TeVamcatnloFXFXpythia8RunIIFall17MiniAODv2PU201712Apr201894Xmc2017realisticv14v1,/WJetsToLNu_TuneCP5_13TeV-amcatnloFXFX-pythia8/RunIIFall17MiniAODv2-PU2017_12Apr2018_94X_mc2017_realistic_v14-v1/MINIAODSIM,66990,118.9,/local/cms/user/wadud/aNTGCmet/aNTGC_analysis/data/ntuples_CMSSW_10_6_18_METbugfix/WJetsToLNuTuneCP513TeVamcatnloFXFXpythia8RunIIFall17MiniAODv2PU201712Apr201894Xmc2017realisticv14v1.txt,/hdfs/cms/user/wadud/anTGC/analysis_data/pileup_CMSSW_10_6_18_METbugfix/WJetsToLNuTuneCP513TeVamcatnloFXFXpythia8RunIIFall17MiniAODv2PU201712Apr201894Xmc2017realisticv14v1.root,29131933,5017855294284,1.83749E+18,13702858.51,0.2045508062,,,TRUE,TRUE
WToENuM100TuneCP513TeVpythia8,/WToENu_M-100_TuneCP5_13TeV-pythia8/RunIIFall17MiniAODv2-PU2017_12Apr2018_94X_mc2017_realistic_v14-v1/MINIAODSIM,174.,.06514,/local/cms/user/wadud/aNTGCmet/aNTGC_analysis/data/ntuples_CMSSW_10_6_18_METbugfix/WToENuM100TuneCP513TeVpythia8.txt,/hdfs/cms/user/wadud/anTGC/analysis_data/pileup_CMSSW_10_6_18_METbugfix/WToENuM100TuneCP513TeVpythia8.root,1916817,1916817,1916817,1916817,11.01618966,W(#rightarrowe#nu),,TRUE,TRUE
WToMuNuM100TuneCP513TeVpythia8,/WToMuNu_M-100_TuneCP5_13TeV-pythia8/RunIIFall17MiniAODv2-PU2017_12Apr2018_94X_mc2017_realistic_v14-v1/MINIAODSIM,174.2,.06537,/local/cms/user/wadud/aNTGCmet/aNTGC_analysis/data/ntuples_CMSSW_10_6_18_METbugfix/WToMuNuM100TuneCP513TeVpythia8.txt,/hdfs/cms/user/wadud/anTGC/analysis_data/pileup_CMSSW_10_6_18_METbugfix/WToMuNuM100TuneCP513TeVpythia8.root,1905408,1905408,1905408,1905408,10.93804822,W(#rightarrow#mu#nu),,TRUE,TRUE
WToTauNuM100TuneCP513TeVpythia8tauola,/WToTauNu_M-100_TuneCP5_13TeV-pythia8-tauola/RunIIFall17MiniAODv2-PU2017_12Apr2018_new_pmx_94X_mc2017_realistic_v14-v1/MINIAODSIM,174.,.09011,/local/cms/user/wadud/aNTGCmet/aNTGC_analysis/data/ntuples_CMSSW_10_6_18_METbugfix/WToTauNuM100TuneCP513TeVpythia8tauola.txt,/hdfs/cms/user/wadud/anTGC/analysis_data/pileup_CMSSW_10_6_18_METbugfix/WToTauNuM100TuneCP513TeVpythia8tauola.root,1000000,1000000,1000000,1000000,5.747126437,W(#rightarrow#tau#nu),,TRUE,TRUE
WWTuneCP513TeVpythia8,/WW_TuneCP5_13TeV-pythia8/RunIIFall17MiniAODv2-PU2017_12Apr2018_94X_mc2017_realistic_v14-v2/MINIAODSIM,75.9,.01276,/local/cms/user/wadud/aNTGCmet/aNTGC_analysis/data/ntuples_CMSSW_10_6_18_METbugfix/WWTuneCP513TeVpythia8.txt,/hdfs/cms/user/wadud/anTGC/analysis_data/pileup_CMSSW_10_6_18_METbugfix/WWTuneCP513TeVpythia8.root,7765828,7765891.02,7765973.67,7765808.372,102.3163158,WW,,TRUE,TRUE
WZTuneCP513TeVpythia8,/WZ_TuneCP5_13TeV-pythia8/RunIIFall17MiniAODv2-PU2017_12Apr2018_94X_mc2017_realistic_v14-v1/MINIAODSIM,27.57,.00638,/local/cms/user/wadud/aNTGCmet/aNTGC_analysis/data/ntuples_CMSSW_10_6_18_METbugfix/WZTuneCP513TeVpythia8.txt,/hdfs/cms/user/wadud/anTGC/analysis_data/pileup_CMSSW_10_6_18_METbugfix/WZTuneCP513TeVpythia8.root,3928630,3928630,3928630,3928630,142.4965542,WZ,,TRUE,TRUE
ZGTo2LGPtG130TuneCP513TeVamcatnloFXFXpythia8,/ZGTo2LG_PtG-130_TuneCP5_13TeV-amcatnloFXFX-pythia8/RunIIFall17MiniAODv2-PU2017_12Apr2018_94X_mc2017_realistic_v14-v1/MINIAODSIM,.1597,.0003007,/local/cms/user/wadud/aNTGCmet/aNTGC_analysis/data/ntuples_CMSSW_10_6_18_METbugfix/ZGTo2LGPtG130TuneCP513TeVamcatnloFXFXpythia8.txt,/hdfs/cms/user/wadud/anTGC/analysis_data/pileup_CMSSW_10_6_18_METbugfix/ZGTo2LGPtG130TuneCP513TeVamcatnloFXFXpythia8.root,2327487,682541.9904,729319.8942,638764.3781,3999.776945,Z(#rightarrowl#bar{l})+#gamma,,TRUE,TRUE
ZGTo2NuGPtG130TuneCP513TeVamcatnloFXFXpythia8,/ZGTo2NuG_TuneCP5_13TeV-amcatnloFXFX-pythia8/RunIIFall17MiniAODv2-PU2017_12Apr2018_94X_mc2017_realistic_v14-v1/MINIAODSIM,.2813,.0006584,/local/cms/user/wadud/aNTGCmet/aNTGC_analysis/data/ntuples_CMSSW_10_6_18_METbugfix/ZGTo2NuGPtG130TuneCP513TeVamcatnloFXFXpythia8.txt,/hdfs/cms/user/wadud/anTGC/analysis_data/pileup_CMSSW_10_6_18_METbugfix/ZGTo2NuGPtG130TuneCP513TeVamcatnloFXFXpythia8.root,1210789,642823.7322,1260461.602,327834.1443,1165.425326,Z(#rightarrow#nu#nu)+#gamma,,TRUE,TRUE
ZLLGJetsMonoPhotonPtG130TuneCP513TeVmadgraphpythia8,/ZLLGJets_MonoPhoton_PtG-130_TuneCP5_13TeV-madgraph-pythia8/RunIIFall17MiniAODv2-PU2017_12Apr2018_94X_mc2017_realistic_v14-v1/MINIAODSIM,0.1473,0.0001605,/local/cms/user/wadud/aNTGCmet/aNTGC_analysis/data/ntuples_CMSSW_10_6_18_METbugfix/ZLLGJetsMonoPhotonPtG130TuneCP513TeVmadgraphpythia8.txt,/hdfs/cms/user/wadud/anTGC/analysis_data/pileup_CMSSW_10_6_18_METbugfix/ZLLGJetsMonoPhotonPtG130TuneCP513TeVmadgraphpythia8.root,585440,584033.3414,585130.9017,582937.8397,3957.487031,Z(#rightarrowl#bar{l})+#gamma,,TRUE,TRUE
ZnunugammaaTGCZggh30p0h40p0Ptg130to6002jetsMadgraphV1,ZnunugammaaTGCZggh30p0h40p0Ptg130to6002jetsMadgraphV1,0.2026,0.0007301,/local/cms/user/wadud/aNTGCmet/aNTGC_analysis/data/ntuples_CMSSW_10_6_18_METbugfix/ZnunugammaaTGCZggh30p0h40p0Ptg130to6002jetsMadgraphV1.txt,/hdfs/cms/user/wadud/anTGC/analysis_data/pileup_CMSSW_10_6_18_METbugfix/ZnunugammaaTGCZggh30p0h40p0Ptg130to6002jetsMadgraphV1.root,49267,49267,49267,49267,243.1737414,,,TRUE,TRUE
ZnunugammaaTGCZggh30p0h40p0Ptg6002jetsMadgraphV1,ZnunugammaaTGCZggh30p0h40p0Ptg6002jetsMadgraphV1,0.0007379,0.000006877,/local/cms/user/wadud/aNTGCmet/aNTGC_analysis/data/ntuples_CMSSW_10_6_18_METbugfix/ZnunugammaaTGCZggh30p0h40p0Ptg6002jetsMadgraphV1.txt,/hdfs/cms/user/wadud/anTGC/analysis_data/pileup_CMSSW_10_6_18_METbugfix/ZnunugammaaTGCZggh30p0h40p0Ptg6002jetsMadgraphV1.root,6745,6745,6745,6745,9140.804987,,,TRUE,TRUE
ZnunugammaaTGCZggh30p0h42p0em7Ptg130to6002jetsMadgraphV1,ZnunugammaaTGCZggh30p0h42p0em7Ptg130to6002jetsMadgraphV1,0.2019,0.0007829,/local/cms/user/wadud/aNTGCmet/aNTGC_analysis/data/ntuples_CMSSW_10_6_18_METbugfix/ZnunugammaaTGCZggh30p0h42p0em7Ptg130to6002jetsMadgraphV1.txt,/hdfs/cms/user/wadud/anTGC/analysis_data/pileup_CMSSW_10_6_18_METbugfix/ZnunugammaaTGCZggh30p0h42p0em7Ptg130to6002jetsMadgraphV1.root,41764,41764,41764,41764,206.8548787,,,TRUE,TRUE
ZnunugammaaTGCZggh30p0h42p0em7Ptg6002jetsMadgraphV1,ZnunugammaaTGCZggh30p0h42p0em7Ptg6002jetsMadgraphV1,0.0007416,0.000008181,/local/cms/user/wadud/aNTGCmet/aNTGC_analysis/data/ntuples_CMSSW_10_6_18_METbugfix/ZnunugammaaTGCZggh30p0h42p0em7Ptg6002jetsMadgraphV1.txt,/hdfs/cms/user/wadud/anTGC/analysis_data/pileup_CMSSW_10_6_18_METbugfix/ZnunugammaaTGCZggh30p0h42p0em7Ptg6002jetsMadgraphV1.root,4702,4702,4702,4702,6340.3452,,,TRUE,TRUE
ZnunugammaaTGCZggh30p0h44p0em7Ptg130to6002jetsMadgraphV1,ZnunugammaaTGCZggh30p0h44p0em7Ptg130to6002jetsMadgraphV1,0.2035,0.0007447,/local/cms/user/wadud/aNTGCmet/aNTGC_analysis/data/ntuples_CMSSW_10_6_18_METbugfix/ZnunugammaaTGCZggh30p0h44p0em7Ptg130to6002jetsMadgraphV1.txt,/hdfs/cms/user/wadud/anTGC/analysis_data/pileup_CMSSW_10_6_18_METbugfix/ZnunugammaaTGCZggh30p0h44p0em7Ptg130to6002jetsMadgraphV1.root,44948,44948,44948,44948,220.8746929,,,TRUE,TRUE
ZnunugammaaTGCZggh30p0h44p0em7Ptg6002jetsMadgraphV1,ZnunugammaaTGCZggh30p0h44p0em7Ptg6002jetsMadgraphV1,0.000751,0.000006906,/local/cms/user/wadud/aNTGCmet/aNTGC_analysis/data/ntuples_CMSSW_10_6_18_METbugfix/ZnunugammaaTGCZggh30p0h44p0em7Ptg6002jetsMadgraphV1.txt,/hdfs/cms/user/wadud/anTGC/analysis_data/pileup_CMSSW_10_6_18_METbugfix/ZnunugammaaTGCZggh30p0h44p0em7Ptg6002jetsMadgraphV1.root,7873,7873,7873,7873,10483.35553,,,TRUE,TRUE
ZnunugammaaTGCZggh30p0h45p0em7Ptg130to6002jetsMadgraphV1,ZnunugammaaTGCZggh30p0h45p0em7Ptg130to6002jetsMadgraphV1,0.2023,0.0007533,/local/cms/user/wadud/aNTGCmet/aNTGC_analysis/data/ntuples_CMSSW_10_6_18_METbugfix/ZnunugammaaTGCZggh30p0h45p0em7Ptg130to6002jetsMadgraphV1.txt,/hdfs/cms/user/wadud/anTGC/analysis_data/pileup_CMSSW_10_6_18_METbugfix/ZnunugammaaTGCZggh30p0h45p0em7Ptg130to6002jetsMadgraphV1.root,44528,44528,44528,44528,220.1087494,,,TRUE,TRUE
ZnunugammaaTGCZggh30p0h45p0em7Ptg6002jetsMadgraphV1,ZnunugammaaTGCZggh30p0h45p0em7Ptg6002jetsMadgraphV1,0.0007566,0.000006825,/local/cms/user/wadud/aNTGCmet/aNTGC_analysis/data/ntuples_CMSSW_10_6_18_METbugfix/ZnunugammaaTGCZggh30p0h45p0em7Ptg6002jetsMadgraphV1.txt,/hdfs/cms/user/wadud/anTGC/analysis_data/pileup_CMSSW_10_6_18_METbugfix/ZnunugammaaTGCZggh30p0h45p0em7Ptg6002jetsMadgraphV1.root,8480,8480,8480,8480,11208.03595,,,TRUE,TRUE
ZnunugammaaTGCZggh30p0h4m2p0em7Ptg130to6002jetsMadgraphV1,ZnunugammaaTGCZggh30p0h4m2p0em7Ptg130to6002jetsMadgraphV1,0.2018,0.000699,/local/cms/user/wadud/aNTGCmet/aNTGC_analysis/data/ntuples_CMSSW_10_6_18_METbugfix/ZnunugammaaTGCZggh30p0h4m2p0em7Ptg130to6002jetsMadgraphV1.txt,/hdfs/cms/user/wadud/anTGC/analysis_data/pileup_CMSSW_10_6_18_METbugfix/ZnunugammaaTGCZggh30p0h4m2p0em7Ptg130to6002jetsMadgraphV1.root,56010,56010,56010,56010,277.5520317,,,TRUE,TRUE
ZnunugammaaTGCZggh30p0h4m2p0em7Ptg6002jetsMadgraphV1,ZnunugammaaTGCZggh30p0h4m2p0em7Ptg6002jetsMadgraphV1,0.0007412,0.000006198,/local/cms/user/wadud/aNTGCmet/aNTGC_analysis/data/ntuples_CMSSW_10_6_18_METbugfix/ZnunugammaaTGCZggh30p0h4m2p0em7Ptg6002jetsMadgraphV1.txt,/hdfs/cms/user/wadud/anTGC/analysis_data/pileup_CMSSW_10_6_18_METbugfix/ZnunugammaaTGCZggh30p0h4m2p0em7Ptg6002jetsMadgraphV1.root,10347,10347,10347,10347,13959.79493,,,TRUE,TRUE
ZnunugammaaTGCZggh30p0h4m4p0em7Ptg130to6002jetsMadgraphV1,ZnunugammaaTGCZggh30p0h4m4p0em7Ptg130to6002jetsMadgraphV1,0.202,0.000679,/local/cms/user/wadud/aNTGCmet/aNTGC_analysis/data/ntuples_CMSSW_10_6_18_METbugfix/ZnunugammaaTGCZggh30p0h4m4p0em7Ptg130to6002jetsMadgraphV1.txt,/hdfs/cms/user/wadud/anTGC/analysis_data/pileup_CMSSW_10_6_18_METbugfix/ZnunugammaaTGCZggh30p0h4m4p0em7Ptg130to6002jetsMadgraphV1.root,61180,61180,61180,61180,302.8712871,,,TRUE,TRUE
ZnunugammaaTGCZggh30p0h4m4p0em7Ptg6002jetsMadgraphV1,ZnunugammaaTGCZggh30p0h4m4p0em7Ptg6002jetsMadgraphV1,0.0007403,0.000006121,/local/cms/user/wadud/aNTGCmet/aNTGC_analysis/data/ntuples_CMSSW_10_6_18_METbugfix/ZnunugammaaTGCZggh30p0h4m4p0em7Ptg6002jetsMadgraphV1.txt,/hdfs/cms/user/wadud/anTGC/analysis_data/pileup_CMSSW_10_6_18_METbugfix/ZnunugammaaTGCZggh30p0h4m4p0em7Ptg6002jetsMadgraphV1.root,10804,10804,10804,10804,14594.08348,,,TRUE,TRUE
ZnunugammaaTGCZggh30p0h4m5p0em7Ptg130to6002jetsMadgraphV1,ZnunugammaaTGCZggh30p0h4m5p0em7Ptg130to6002jetsMadgraphV1,0.202,0.0006448,/local/cms/user/wadud/aNTGCmet/aNTGC_analysis/data/ntuples_CMSSW_10_6_18_METbugfix/ZnunugammaaTGCZggh30p0h4m5p0em7Ptg130to6002jetsMadgraphV1.txt,/hdfs/cms/user/wadud/anTGC/analysis_data/pileup_CMSSW_10_6_18_METbugfix/ZnunugammaaTGCZggh30p0h4m5p0em7Ptg130to6002jetsMadgraphV1.root,68016,68016,68016,68016,336.7128713,,,TRUE,TRUE
ZnunugammaaTGCZggh30p0h4m5p0em7Ptg6002jetsMadgraphV1,ZnunugammaaTGCZggh30p0h4m5p0em7Ptg6002jetsMadgraphV1,0.0007367,0.000006172,/local/cms/user/wadud/aNTGCmet/aNTGC_analysis/data/ntuples_CMSSW_10_6_18_METbugfix/ZnunugammaaTGCZggh30p0h4m5p0em7Ptg6002jetsMadgraphV1.txt,/hdfs/cms/user/wadud/anTGC/analysis_data/pileup_CMSSW_10_6_18_METbugfix/ZnunugammaaTGCZggh30p0h4m5p0em7Ptg6002jetsMadgraphV1.root,10791,10791,10791,10791,14647.7535,,,TRUE,TRUE
ZnunugammaaTGCZggh32p0em4h40p0Ptg130to6002jetsMadgraphV1,ZnunugammaaTGCZggh32p0em4h40p0Ptg130to6002jetsMadgraphV1,0.2024,0.0006575,/local/cms/user/wadud/aNTGCmet/aNTGC_analysis/data/ntuples_CMSSW_10_6_18_METbugfix/ZnunugammaaTGCZggh32p0em4h40p0Ptg130to6002jetsMadgraphV1.txt,/hdfs/cms/user/wadud/anTGC/analysis_data/pileup_CMSSW_10_6_18_METbugfix/ZnunugammaaTGCZggh32p0em4h40p0Ptg130to6002jetsMadgraphV1.root,65157,65157,65157,65157,321.9219368,,,TRUE,TRUE
ZnunugammaaTGCZggh32p0em4h40p0Ptg6002jetsMadgraphV1,ZnunugammaaTGCZggh32p0em4h40p0Ptg6002jetsMadgraphV1,0.0007516,0.000006299,/local/cms/user/wadud/aNTGCmet/aNTGC_analysis/data/ntuples_CMSSW_10_6_18_METbugfix/ZnunugammaaTGCZggh32p0em4h40p0Ptg6002jetsMadgraphV1.txt,/hdfs/cms/user/wadud/anTGC/analysis_data/pileup_CMSSW_10_6_18_METbugfix/ZnunugammaaTGCZggh32p0em4h40p0Ptg6002jetsMadgraphV1.root,10469,10469,10469,10469,13928.95157,,,TRUE,TRUE
ZnunugammaaTGCZggh32p0em4h42p0em7Ptg130to6002jetsMadgraphV1,ZnunugammaaTGCZggh32p0em4h42p0em7Ptg130to6002jetsMadgraphV1,0.2022,0.0006528,/local/cms/user/wadud/aNTGCmet/aNTGC_analysis/data/ntuples_CMSSW_10_6_18_METbugfix/ZnunugammaaTGCZggh32p0em4h42p0em7Ptg130to6002jetsMadgraphV1.txt,/hdfs/cms/user/wadud/anTGC/analysis_data/pileup_CMSSW_10_6_18_METbugfix/ZnunugammaaTGCZggh32p0em4h42p0em7Ptg130to6002jetsMadgraphV1.root,66480,66480,66480,66480,328.7833828,,,TRUE,TRUE
ZnunugammaaTGCZggh32p0em4h42p0em7Ptg6002jetsMadgraphV1,ZnunugammaaTGCZggh32p0em4h42p0em7Ptg6002jetsMadgraphV1,0.0007346,0.000006023,/local/cms/user/wadud/aNTGCmet/aNTGC_analysis/data/ntuples_CMSSW_10_6_18_METbugfix/ZnunugammaaTGCZggh32p0em4h42p0em7Ptg6002jetsMadgraphV1.txt,/hdfs/cms/user/wadud/anTGC/analysis_data/pileup_CMSSW_10_6_18_METbugfix/ZnunugammaaTGCZggh32p0em4h42p0em7Ptg6002jetsMadgraphV1.root,11285,11285,11285,11285,15362.10182,,,TRUE,TRUE
ZnunugammaaTGCZggh32p0em4h44p0em7Ptg130to6002jetsMadgraphV1,ZnunugammaaTGCZggh32p0em4h44p0em7Ptg130to6002jetsMadgraphV1,0.202,0.0006551,/local/cms/user/wadud/aNTGCmet/aNTGC_analysis/data/ntuples_CMSSW_10_6_18_METbugfix/ZnunugammaaTGCZggh32p0em4h44p0em7Ptg130to6002jetsMadgraphV1.txt,/hdfs/cms/user/wadud/anTGC/analysis_data/pileup_CMSSW_10_6_18_METbugfix/ZnunugammaaTGCZggh32p0em4h44p0em7Ptg130to6002jetsMadgraphV1.root,65885,65885,65885,65885,326.1633663,,,TRUE,TRUE
ZnunugammaaTGCZggh32p0em4h44p0em7Ptg6002jetsMadgraphV1,ZnunugammaaTGCZggh32p0em4h44p0em7Ptg6002jetsMadgraphV1,0.0007509,0.000006076,/local/cms/user/wadud/aNTGCmet/aNTGC_analysis/data/ntuples_CMSSW_10_6_18_METbugfix/ZnunugammaaTGCZggh32p0em4h44p0em7Ptg6002jetsMadgraphV1.txt,/hdfs/cms/user/wadud/anTGC/analysis_data/pileup_CMSSW_10_6_18_METbugfix/ZnunugammaaTGCZggh32p0em4h44p0em7Ptg6002jetsMadgraphV1.root,11507,11507,11507,11507,15324.27753,,,TRUE,TRUE
ZnunugammaaTGCZggh32p0em4h45p0em7Ptg130to6002jetsMadgraphV1,ZnunugammaaTGCZggh32p0em4h45p0em7Ptg130to6002jetsMadgraphV1,0.2033,0.000655,/local/cms/user/wadud/aNTGCmet/aNTGC_analysis/data/ntuples_CMSSW_10_6_18_METbugfix/ZnunugammaaTGCZggh32p0em4h45p0em7Ptg130to6002jetsMadgraphV1.txt,/hdfs/cms/user/wadud/anTGC/analysis_data/pileup_CMSSW_10_6_18_METbugfix/ZnunugammaaTGCZggh32p0em4h45p0em7Ptg130to6002jetsMadgraphV1.root,66745,66745,66745,66745,328.3079193,,,TRUE,TRUE
ZnunugammaaTGCZggh32p0em4h45p0em7Ptg6002jetsMadgraphV1,ZnunugammaaTGCZggh32p0em4h45p0em7Ptg6002jetsMadgraphV1,0.0007547,0.000006149,/local/cms/user/wadud/aNTGCmet/aNTGC_analysis/data/ntuples_CMSSW_10_6_18_METbugfix/ZnunugammaaTGCZggh32p0em4h45p0em7Ptg6002jetsMadgraphV1.txt,/hdfs/cms/user/wadud/anTGC/analysis_data/pileup_CMSSW_10_6_18_METbugfix/ZnunugammaaTGCZggh32p0em4h45p0em7Ptg6002jetsMadgraphV1.root,11065,11065,11065,11065,14661.45488,,,TRUE,TRUE
ZnunugammaaTGCZggh32p0em4h4m2p0em7Ptg130to6002jetsMadgraphV1,ZnunugammaaTGCZggh32p0em4h4m2p0em7Ptg130to6002jetsMadgraphV1,0.2024,0.0006486,/local/cms/user/wadud/aNTGCmet/aNTGC_analysis/data/ntuples_CMSSW_10_6_18_METbugfix/ZnunugammaaTGCZggh32p0em4h4m2p0em7Ptg130to6002jetsMadgraphV1.txt,/hdfs/cms/user/wadud/anTGC/analysis_data/pileup_CMSSW_10_6_18_METbugfix/ZnunugammaaTGCZggh32p0em4h4m2p0em7Ptg130to6002jetsMadgraphV1.root,67434,67434,67434,67434,333.1719368,,,TRUE,TRUE
ZnunugammaaTGCZggh32p0em4h4m2p0em7Ptg6002jetsMadgraphV1,ZnunugammaaTGCZggh32p0em4h4m2p0em7Ptg6002jetsMadgraphV1,0.0007411,0.00000605,/local/cms/user/wadud/aNTGCmet/aNTGC_analysis/data/ntuples_CMSSW_10_6_18_METbugfix/ZnunugammaaTGCZggh32p0em4h4m2p0em7Ptg6002jetsMadgraphV1.txt,/hdfs/cms/user/wadud/anTGC/analysis_data/pileup_CMSSW_10_6_18_METbugfix/ZnunugammaaTGCZggh32p0em4h4m2p0em7Ptg6002jetsMadgraphV1.root,11353,11353,11353,11353,15319.12023,,,TRUE,TRUE
ZnunugammaaTGCZggh32p0em4h4m4p0em7Ptg130to6002jetsMadgraphV1,ZnunugammaaTGCZggh32p0em4h4m4p0em7Ptg130to6002jetsMadgraphV1,0.2018,0.0006552,/local/cms/user/wadud/aNTGCmet/aNTGC_analysis/data/ntuples_CMSSW_10_6_18_METbugfix/ZnunugammaaTGCZggh32p0em4h4m4p0em7Ptg130to6002jetsMadgraphV1.txt,/hdfs/cms/user/wadud/anTGC/analysis_data/pileup_CMSSW_10_6_18_METbugfix/ZnunugammaaTGCZggh32p0em4h4m4p0em7Ptg130to6002jetsMadgraphV1.root,65610,65610,65610,65610,325.123885,,,TRUE,TRUE
ZnunugammaaTGCZggh32p0em4h4m4p0em7Ptg6002jetsMadgraphV1,ZnunugammaaTGCZggh32p0em4h4m4p0em7Ptg6002jetsMadgraphV1,0.0007502,0.000006214,/local/cms/user/wadud/aNTGCmet/aNTGC_analysis/data/ntuples_CMSSW_10_6_18_METbugfix/ZnunugammaaTGCZggh32p0em4h4m4p0em7Ptg6002jetsMadgraphV1.txt,/hdfs/cms/user/wadud/anTGC/analysis_data/pileup_CMSSW_10_6_18_METbugfix/ZnunugammaaTGCZggh32p0em4h4m4p0em7Ptg6002jetsMadgraphV1.root,10977,10977,10977,10977,14632.09811,,,TRUE,TRUE
ZnunugammaaTGCZggh32p0em4h4m5p0em7Ptg130to6002jetsMadgraphV1,ZnunugammaaTGCZggh32p0em4h4m5p0em7Ptg130to6002jetsMadgraphV1,0.2026,0.000666,/local/cms/user/wadud/aNTGCmet/aNTGC_analysis/data/ntuples_CMSSW_10_6_18_METbugfix/ZnunugammaaTGCZggh32p0em4h4m5p0em7Ptg130to6002jetsMadgraphV1.txt,/hdfs/cms/user/wadud/anTGC/analysis_data/pileup_CMSSW_10_6_18_METbugfix/ZnunugammaaTGCZggh32p0em4h4m5p0em7Ptg130to6002jetsMadgraphV1.root,64529,64529,64529,64529,318.5044423,,,TRUE,TRUE
ZnunugammaaTGCZggh32p0em4h4m5p0em7Ptg6002jetsMadgraphV1,ZnunugammaaTGCZggh32p0em4h4m5p0em7Ptg6002jetsMadgraphV1,0.0007452,0.000006128,/local/cms/user/wadud/aNTGCmet/aNTGC_analysis/data/ntuples_CMSSW_10_6_18_METbugfix/ZnunugammaaTGCZggh32p0em4h4m5p0em7Ptg6002jetsMadgraphV1.txt,/hdfs/cms/user/wadud/anTGC/analysis_data/pileup_CMSSW_10_6_18_METbugfix/ZnunugammaaTGCZggh32p0em4h4m5p0em7Ptg6002jetsMadgraphV1.root,10915,10915,10915,10915,14647.07461,,,TRUE,TRUE
ZnunugammaaTGCZggh33p5em4h40p0Ptg130to6002jetsMadgraphV1,ZnunugammaaTGCZggh33p5em4h40p0Ptg130to6002jetsMadgraphV1,0.2021,0.0006537,/local/cms/user/wadud/aNTGCmet/aNTGC_analysis/data/ntuples_CMSSW_10_6_18_METbugfix/ZnunugammaaTGCZggh33p5em4h40p0Ptg130to6002jetsMadgraphV1.txt,/hdfs/cms/user/wadud/anTGC/analysis_data/pileup_CMSSW_10_6_18_METbugfix/ZnunugammaaTGCZggh33p5em4h40p0Ptg130to6002jetsMadgraphV1.root,66378,66378,66378,66378,328.4413657,,,TRUE,TRUE
ZnunugammaaTGCZggh33p5em4h40p0Ptg6002jetsMadgraphV1,ZnunugammaaTGCZggh33p5em4h40p0Ptg6002jetsMadgraphV1,0.0007373,0.000006101,/local/cms/user/wadud/aNTGCmet/aNTGC_analysis/data/ntuples_CMSSW_10_6_18_METbugfix/ZnunugammaaTGCZggh33p5em4h40p0Ptg6002jetsMadgraphV1.txt,/hdfs/cms/user/wadud/anTGC/analysis_data/pileup_CMSSW_10_6_18_METbugfix/ZnunugammaaTGCZggh33p5em4h40p0Ptg6002jetsMadgraphV1.root,10810,10810,10810,10810,14661.60315,,,TRUE,TRUE
ZnunugammaaTGCZggh33p5em4h42p0em7Ptg130to6002jetsMadgraphV1,ZnunugammaaTGCZggh33p5em4h42p0em7Ptg130to6002jetsMadgraphV1,0.2022,0.0006455,/local/cms/user/wadud/aNTGCmet/aNTGC_analysis/data/ntuples_CMSSW_10_6_18_METbugfix/ZnunugammaaTGCZggh33p5em4h42p0em7Ptg130to6002jetsMadgraphV1.txt,/hdfs/cms/user/wadud/anTGC/analysis_data/pileup_CMSSW_10_6_18_METbugfix/ZnunugammaaTGCZggh33p5em4h42p0em7Ptg130to6002jetsMadgraphV1.root,67804,67804,67804,67804,335.3313551,,,TRUE,TRUE
ZnunugammaaTGCZggh33p5em4h42p0em7Ptg6002jetsMadgraphV1,ZnunugammaaTGCZggh33p5em4h42p0em7Ptg6002jetsMadgraphV1,0.0007512,0.000006073,/local/cms/user/wadud/aNTGCmet/aNTGC_analysis/data/ntuples_CMSSW_10_6_18_METbugfix/ZnunugammaaTGCZggh33p5em4h42p0em7Ptg6002jetsMadgraphV1.txt,/hdfs/cms/user/wadud/anTGC/analysis_data/pileup_CMSSW_10_6_18_METbugfix/ZnunugammaaTGCZggh33p5em4h42p0em7Ptg6002jetsMadgraphV1.root,11516,11516,11516,11516,15330.13845,,,TRUE,TRUE
ZnunugammaaTGCZggh33p5em4h44p0em7Ptg130to6002jetsMadgraphV1,ZnunugammaaTGCZggh33p5em4h44p0em7Ptg130to6002jetsMadgraphV1,0.2039,0.0006527,/local/cms/user/wadud/aNTGCmet/aNTGC_analysis/data/ntuples_CMSSW_10_6_18_METbugfix/ZnunugammaaTGCZggh33p5em4h44p0em7Ptg130to6002jetsMadgraphV1.txt,/hdfs/cms/user/wadud/anTGC/analysis_data/pileup_CMSSW_10_6_18_METbugfix/ZnunugammaaTGCZggh33p5em4h44p0em7Ptg130to6002jetsMadgraphV1.root,67575,67575,67575,67575,331.4124571,,,TRUE,TRUE
ZnunugammaaTGCZggh33p5em4h44p0em7Ptg6002jetsMadgraphV1,ZnunugammaaTGCZggh33p5em4h44p0em7Ptg6002jetsMadgraphV1,0.0007463,0.000006357,/local/cms/user/wadud/aNTGCmet/aNTGC_analysis/data/ntuples_CMSSW_10_6_18_METbugfix/ZnunugammaaTGCZggh33p5em4h44p0em7Ptg6002jetsMadgraphV1.txt,/hdfs/cms/user/wadud/anTGC/analysis_data/pileup_CMSSW_10_6_18_METbugfix/ZnunugammaaTGCZggh33p5em4h44p0em7Ptg6002jetsMadgraphV1.root,10398,10398,10398,10398,13932.73483,,,TRUE,TRUE
ZnunugammaaTGCZggh33p5em4h45p0em7Ptg130to6002jetsMadgraphV1,ZnunugammaaTGCZggh33p5em4h45p0em7Ptg130to6002jetsMadgraphV1,0.2013,0.0006486,/local/cms/user/wadud/aNTGCmet/aNTGC_analysis/data/ntuples_CMSSW_10_6_18_METbugfix/ZnunugammaaTGCZggh33p5em4h45p0em7Ptg130to6002jetsMadgraphV1.txt,/hdfs/cms/user/wadud/anTGC/analysis_data/pileup_CMSSW_10_6_18_METbugfix/ZnunugammaaTGCZggh33p5em4h45p0em7Ptg130to6002jetsMadgraphV1.root,67331,67331,67331,67331,334.4808743,,,TRUE,TRUE
ZnunugammaaTGCZggh33p5em4h45p0em7Ptg6002jetsMadgraphV1,ZnunugammaaTGCZggh33p5em4h45p0em7Ptg6002jetsMadgraphV1,0.0007469,0.000006053,/local/cms/user/wadud/aNTGCmet/aNTGC_analysis/data/ntuples_CMSSW_10_6_18_METbugfix/ZnunugammaaTGCZggh33p5em4h45p0em7Ptg6002jetsMadgraphV1.txt,/hdfs/cms/user/wadud/anTGC/analysis_data/pileup_CMSSW_10_6_18_METbugfix/ZnunugammaaTGCZggh33p5em4h45p0em7Ptg6002jetsMadgraphV1.root,11474,11474,11474,11474,15362.16361,,,TRUE,TRUE
ZnunugammaaTGCZggh33p5em4h4m2p0em7Ptg130to6002jetsMadgraphV1,ZnunugammaaTGCZggh33p5em4h4m2p0em7Ptg130to6002jetsMadgraphV1,0.2033,0.0006524,/local/cms/user/wadud/aNTGCmet/aNTGC_analysis/data/ntuples_CMSSW_10_6_18_METbugfix/ZnunugammaaTGCZggh33p5em4h4m2p0em7Ptg130to6002jetsMadgraphV1.txt,/hdfs/cms/user/wadud/anTGC/analysis_data/pileup_CMSSW_10_6_18_METbugfix/ZnunugammaaTGCZggh33p5em4h4m2p0em7Ptg130to6002jetsMadgraphV1.root,67375,67375,67375,67375,331.406788,,,TRUE,TRUE
ZnunugammaaTGCZggh33p5em4h4m2p0em7Ptg6002jetsMadgraphV1,ZnunugammaaTGCZggh33p5em4h4m2p0em7Ptg6002jetsMadgraphV1,0.000751,0.000006221,/local/cms/user/wadud/aNTGCmet/aNTGC_analysis/data/ntuples_CMSSW_10_6_18_METbugfix/ZnunugammaaTGCZggh33p5em4h4m2p0em7Ptg6002jetsMadgraphV1.txt,/hdfs/cms/user/wadud/anTGC/analysis_data/pileup_CMSSW_10_6_18_METbugfix/ZnunugammaaTGCZggh33p5em4h4m2p0em7Ptg6002jetsMadgraphV1.root,10982,10982,10982,10982,14623.16911,,,TRUE,TRUE
ZnunugammaaTGCZggh33p5em4h4m4p0em7Ptg130to6002jetsMadgraphV1,ZnunugammaaTGCZggh33p5em4h4m4p0em7Ptg130to6002jetsMadgraphV1,0.2022,0.0006577,/local/cms/user/wadud/aNTGCmet/aNTGC_analysis/data/ntuples_CMSSW_10_6_18_METbugfix/ZnunugammaaTGCZggh33p5em4h4m4p0em7Ptg130to6002jetsMadgraphV1.txt,/hdfs/cms/user/wadud/anTGC/analysis_data/pileup_CMSSW_10_6_18_METbugfix/ZnunugammaaTGCZggh33p5em4h4m4p0em7Ptg130to6002jetsMadgraphV1.root,65702,65702,65702,65702,324.9357072,,,TRUE,TRUE
ZnunugammaaTGCZggh33p5em4h4m4p0em7Ptg6002jetsMadgraphV1,ZnunugammaaTGCZggh33p5em4h4m4p0em7Ptg6002jetsMadgraphV1,0.0007434,0.000006192,/local/cms/user/wadud/aNTGCmet/aNTGC_analysis/data/ntuples_CMSSW_10_6_18_METbugfix/ZnunugammaaTGCZggh33p5em4h4m4p0em7Ptg6002jetsMadgraphV1.txt,/hdfs/cms/user/wadud/anTGC/analysis_data/pileup_CMSSW_10_6_18_METbugfix/ZnunugammaaTGCZggh33p5em4h4m4p0em7Ptg6002jetsMadgraphV1.root,10889,10889,10889,10889,14647.56524,,,TRUE,TRUE
ZnunugammaaTGCZggh33p5em4h4m5p0em7Ptg130to6002jetsMadgraphV1,ZnunugammaaTGCZggh33p5em4h4m5p0em7Ptg130to6002jetsMadgraphV1,0.2023,0.0006465,/local/cms/user/wadud/aNTGCmet/aNTGC_analysis/data/ntuples_CMSSW_10_6_18_METbugfix/ZnunugammaaTGCZggh33p5em4h4m5p0em7Ptg130to6002jetsMadgraphV1.txt,/hdfs/cms/user/wadud/anTGC/analysis_data/pileup_CMSSW_10_6_18_METbugfix/ZnunugammaaTGCZggh33p5em4h4m5p0em7Ptg130to6002jetsMadgraphV1.root,68331,68331,68331,68331,337.7706377,,,TRUE,TRUE
ZnunugammaaTGCZggh33p5em4h4m5p0em7Ptg6002jetsMadgraphV1,ZnunugammaaTGCZggh33p5em4h4m5p0em7Ptg6002jetsMadgraphV1,0.0007505,0.000006221,/local/cms/user/wadud/aNTGCmet/aNTGC_analysis/data/ntuples_CMSSW_10_6_18_METbugfix/ZnunugammaaTGCZggh33p5em4h4m5p0em7Ptg6002jetsMadgraphV1.txt,/hdfs/cms/user/wadud/anTGC/analysis_data/pileup_CMSSW_10_6_18_METbugfix/ZnunugammaaTGCZggh33p5em4h4m5p0em7Ptg6002jetsMadgraphV1.root,10964,10964,10964,10964,14608.92738,,,TRUE,TRUE
ZnunugammaaTGCZggh34p0em4h40p0Ptg130to6002jetsMadgraphV1,ZnunugammaaTGCZggh34p0em4h40p0Ptg130to6002jetsMadgraphV1,0.2014,0.0006484,/local/cms/user/wadud/aNTGCmet/aNTGC_analysis/data/ntuples_CMSSW_10_6_18_METbugfix/ZnunugammaaTGCZggh34p0em4h40p0Ptg130to6002jetsMadgraphV1.txt,/hdfs/cms/user/wadud/anTGC/analysis_data/pileup_CMSSW_10_6_18_METbugfix/ZnunugammaaTGCZggh34p0em4h40p0Ptg130to6002jetsMadgraphV1.root,67411,67411,67411,67411,334.7120159,,,TRUE,TRUE
ZnunugammaaTGCZggh34p0em4h40p0Ptg6002jetsMadgraphV1,ZnunugammaaTGCZggh34p0em4h40p0Ptg6002jetsMadgraphV1,0.000744,0.000006197,/local/cms/user/wadud/aNTGCmet/aNTGC_analysis/data/ntuples_CMSSW_10_6_18_METbugfix/ZnunugammaaTGCZggh34p0em4h40p0Ptg6002jetsMadgraphV1.txt,/hdfs/cms/user/wadud/anTGC/analysis_data/pileup_CMSSW_10_6_18_METbugfix/ZnunugammaaTGCZggh34p0em4h40p0Ptg6002jetsMadgraphV1.root,10885,10885,10885,10885,14630.37634,,,TRUE,TRUE
ZnunugammaaTGCZggh34p0em4h42p0em7Ptg130to6002jetsMadgraphV1,ZnunugammaaTGCZggh34p0em4h42p0em7Ptg130to6002jetsMadgraphV1,0.2025,0.0006526,/local/cms/user/wadud/aNTGCmet/aNTGC_analysis/data/ntuples_CMSSW_10_6_18_METbugfix/ZnunugammaaTGCZggh34p0em4h42p0em7Ptg130to6002jetsMadgraphV1.txt,/hdfs/cms/user/wadud/anTGC/analysis_data/pileup_CMSSW_10_6_18_METbugfix/ZnunugammaaTGCZggh34p0em4h42p0em7Ptg130to6002jetsMadgraphV1.root,67132,67132,67132,67132,331.5160494,,,TRUE,TRUE
ZnunugammaaTGCZggh34p0em4h42p0em7Ptg6002jetsMadgraphV1,ZnunugammaaTGCZggh34p0em4h42p0em7Ptg6002jetsMadgraphV1,0.0007438,0.00000613,/local/cms/user/wadud/aNTGCmet/aNTGC_analysis/data/ntuples_CMSSW_10_6_18_METbugfix/ZnunugammaaTGCZggh34p0em4h42p0em7Ptg6002jetsMadgraphV1.txt,/hdfs/cms/user/wadud/anTGC/analysis_data/pileup_CMSSW_10_6_18_METbugfix/ZnunugammaaTGCZggh34p0em4h42p0em7Ptg6002jetsMadgraphV1.root,10892,10892,10892,10892,14643.72143,,,TRUE,TRUE
ZnunugammaaTGCZggh34p0em4h44p0em7Ptg130to6002jetsMadgraphV1,ZnunugammaaTGCZggh34p0em4h44p0em7Ptg130to6002jetsMadgraphV1,0.2025,0.0006465,/local/cms/user/wadud/aNTGCmet/aNTGC_analysis/data/ntuples_CMSSW_10_6_18_METbugfix/ZnunugammaaTGCZggh34p0em4h44p0em7Ptg130to6002jetsMadgraphV1.txt,/hdfs/cms/user/wadud/anTGC/analysis_data/pileup_CMSSW_10_6_18_METbugfix/ZnunugammaaTGCZggh34p0em4h44p0em7Ptg130to6002jetsMadgraphV1.root,68445,68445,68445,68445,338,,,TRUE,TRUE
ZnunugammaaTGCZggh34p0em4h44p0em7Ptg6002jetsMadgraphV1,ZnunugammaaTGCZggh34p0em4h44p0em7Ptg6002jetsMadgraphV1,0.000744,0.000006359,/local/cms/user/wadud/aNTGCmet/aNTGC_analysis/data/ntuples_CMSSW_10_6_18_METbugfix/ZnunugammaaTGCZggh34p0em4h44p0em7Ptg6002jetsMadgraphV1.txt,/hdfs/cms/user/wadud/anTGC/analysis_data/pileup_CMSSW_10_6_18_METbugfix/ZnunugammaaTGCZggh34p0em4h44p0em7Ptg6002jetsMadgraphV1.root,10343,10343,10343,10343,13901.88172,,,TRUE,TRUE
ZnunugammaaTGCZggh34p0em4h45p0em7Ptg130to6002jetsMadgraphV1,ZnunugammaaTGCZggh34p0em4h45p0em7Ptg130to6002jetsMadgraphV1,0.2016,0.0006501,/local/cms/user/wadud/aNTGCmet/aNTGC_analysis/data/ntuples_CMSSW_10_6_18_METbugfix/ZnunugammaaTGCZggh34p0em4h45p0em7Ptg130to6002jetsMadgraphV1.txt,/hdfs/cms/user/wadud/anTGC/analysis_data/pileup_CMSSW_10_6_18_METbugfix/ZnunugammaaTGCZggh34p0em4h45p0em7Ptg130to6002jetsMadgraphV1.root,66841,66841,66841,66841,331.5525794,,,TRUE,TRUE
ZnunugammaaTGCZggh34p0em4h45p0em7Ptg6002jetsMadgraphV1,ZnunugammaaTGCZggh34p0em4h45p0em7Ptg6002jetsMadgraphV1,0.0007514,0.00000608,/local/cms/user/wadud/aNTGCmet/aNTGC_analysis/data/ntuples_CMSSW_10_6_18_METbugfix/ZnunugammaaTGCZggh34p0em4h45p0em7Ptg6002jetsMadgraphV1.txt,/hdfs/cms/user/wadud/anTGC/analysis_data/pileup_CMSSW_10_6_18_METbugfix/ZnunugammaaTGCZggh34p0em4h45p0em7Ptg6002jetsMadgraphV1.root,11502,11502,11502,11502,15307.42614,,,TRUE,TRUE
ZnunugammaaTGCZggh34p0em4h4m2p0em7Ptg130to6002jetsMadgraphV1,ZnunugammaaTGCZggh34p0em4h4m2p0em7Ptg130to6002jetsMadgraphV1,0.2027,0.0006559,/local/cms/user/wadud/aNTGCmet/aNTGC_analysis/data/ntuples_CMSSW_10_6_18_METbugfix/ZnunugammaaTGCZggh34p0em4h4m2p0em7Ptg130to6002jetsMadgraphV1.txt,/hdfs/cms/user/wadud/anTGC/analysis_data/pileup_CMSSW_10_6_18_METbugfix/ZnunugammaaTGCZggh34p0em4h4m2p0em7Ptg130to6002jetsMadgraphV1.root,66570,66570,66570,66570,328.4163789,,,TRUE,TRUE
ZnunugammaaTGCZggh34p0em4h4m2p0em7Ptg6002jetsMadgraphV1,ZnunugammaaTGCZggh34p0em4h4m2p0em7Ptg6002jetsMadgraphV1,0.0007384,0.000006181,/local/cms/user/wadud/aNTGCmet/aNTGC_analysis/data/ntuples_CMSSW_10_6_18_METbugfix/ZnunugammaaTGCZggh34p0em4h4m2p0em7Ptg6002jetsMadgraphV1.txt,/hdfs/cms/user/wadud/anTGC/analysis_data/pileup_CMSSW_10_6_18_METbugfix/ZnunugammaaTGCZggh34p0em4h4m2p0em7Ptg6002jetsMadgraphV1.root,10808,10808,10808,10808,14637.05309,,,TRUE,TRUE
ZnunugammaaTGCZggh34p0em4h4m4p0em7Ptg130to6002jetsMadgraphV1,ZnunugammaaTGCZggh34p0em4h4m4p0em7Ptg130to6002jetsMadgraphV1,0.2026,0.0006466,/local/cms/user/wadud/aNTGCmet/aNTGC_analysis/data/ntuples_CMSSW_10_6_18_METbugfix/ZnunugammaaTGCZggh34p0em4h4m4p0em7Ptg130to6002jetsMadgraphV1.txt,/hdfs/cms/user/wadud/anTGC/analysis_data/pileup_CMSSW_10_6_18_METbugfix/ZnunugammaaTGCZggh34p0em4h4m4p0em7Ptg130to6002jetsMadgraphV1.root,67823,67823,67823,67823,334.76308,,,TRUE,TRUE
ZnunugammaaTGCZggh34p0em4h4m4p0em7Ptg6002jetsMadgraphV1,ZnunugammaaTGCZggh34p0em4h4m4p0em7Ptg6002jetsMadgraphV1,0.0007462,0.000006267,/local/cms/user/wadud/aNTGCmet/aNTGC_analysis/data/ntuples_CMSSW_10_6_18_METbugfix/ZnunugammaaTGCZggh34p0em4h4m4p0em7Ptg6002jetsMadgraphV1.txt,/hdfs/cms/user/wadud/anTGC/analysis_data/pileup_CMSSW_10_6_18_METbugfix/ZnunugammaaTGCZggh34p0em4h4m4p0em7Ptg6002jetsMadgraphV1.root,10435,10435,10435,10435,13984.18655,,,TRUE,TRUE
ZnunugammaaTGCZggh34p0em4h4m5p0em7Ptg130to6002jetsMadgraphV1,ZnunugammaaTGCZggh34p0em4h4m5p0em7Ptg130to6002jetsMadgraphV1,0.2034,0.0006505,/local/cms/user/wadud/aNTGCmet/aNTGC_analysis/data/ntuples_CMSSW_10_6_18_METbugfix/ZnunugammaaTGCZggh34p0em4h4m5p0em7Ptg130to6002jetsMadgraphV1.txt,/hdfs/cms/user/wadud/anTGC/analysis_data/pileup_CMSSW_10_6_18_METbugfix/ZnunugammaaTGCZggh34p0em4h4m5p0em7Ptg130to6002jetsMadgraphV1.root,68045,68045,68045,68045,334.5378564,,,TRUE,TRUE
ZnunugammaaTGCZggh34p0em4h4m5p0em7Ptg6002jetsMadgraphV1,ZnunugammaaTGCZggh34p0em4h4m5p0em7Ptg6002jetsMadgraphV1,0.0007375,0.000006112,/local/cms/user/wadud/aNTGCmet/aNTGC_analysis/data/ntuples_CMSSW_10_6_18_METbugfix/ZnunugammaaTGCZggh34p0em4h4m5p0em7Ptg6002jetsMadgraphV1.txt,/hdfs/cms/user/wadud/anTGC/analysis_data/pileup_CMSSW_10_6_18_METbugfix/ZnunugammaaTGCZggh34p0em4h4m5p0em7Ptg6002jetsMadgraphV1.root,10817,10817,10817,10817,14667.11864,,,TRUE,TRUE
ZnunugammaaTGCZggh3m3p5em4h40p0Ptg130to6002jetsMadgraphV1,ZnunugammaaTGCZggh3m3p5em4h40p0Ptg130to6002jetsMadgraphV1,0.2023,0.0006466,/local/cms/user/wadud/aNTGCmet/aNTGC_analysis/data/ntuples_CMSSW_10_6_18_METbugfix/ZnunugammaaTGCZggh3m3p5em4h40p0Ptg130to6002jetsMadgraphV1.txt,/hdfs/cms/user/wadud/anTGC/analysis_data/pileup_CMSSW_10_6_18_METbugfix/ZnunugammaaTGCZggh3m3p5em4h40p0Ptg130to6002jetsMadgraphV1.root,68289,68289,68289,68289,337.5630252,,,TRUE,TRUE
ZnunugammaaTGCZggh3m3p5em4h40p0Ptg6002jetsMadgraphV1,ZnunugammaaTGCZggh3m3p5em4h40p0Ptg6002jetsMadgraphV1,0.0007417,0.000006186,/local/cms/user/wadud/aNTGCmet/aNTGC_analysis/data/ntuples_CMSSW_10_6_18_METbugfix/ZnunugammaaTGCZggh3m3p5em4h40p0Ptg6002jetsMadgraphV1.txt,/hdfs/cms/user/wadud/anTGC/analysis_data/pileup_CMSSW_10_6_18_METbugfix/ZnunugammaaTGCZggh3m3p5em4h40p0Ptg6002jetsMadgraphV1.root,10867,10867,10867,10867,14651.47634,,,TRUE,TRUE
ZnunugammaaTGCZggh3m3p5em4h42p0em7Ptg130to6002jetsMadgraphV1,ZnunugammaaTGCZggh3m3p5em4h42p0em7Ptg130to6002jetsMadgraphV1,0.2024,0.0006497,/local/cms/user/wadud/aNTGCmet/aNTGC_analysis/data/ntuples_CMSSW_10_6_18_METbugfix/ZnunugammaaTGCZggh3m3p5em4h42p0em7Ptg130to6002jetsMadgraphV1.txt,/hdfs/cms/user/wadud/anTGC/analysis_data/pileup_CMSSW_10_6_18_METbugfix/ZnunugammaaTGCZggh3m3p5em4h42p0em7Ptg130to6002jetsMadgraphV1.root,67099,67099,67099,67099,331.5167984,,,TRUE,TRUE
ZnunugammaaTGCZggh3m3p5em4h42p0em7Ptg6002jetsMadgraphV1,ZnunugammaaTGCZggh3m3p5em4h42p0em7Ptg6002jetsMadgraphV1,0.0007428,0.000006198,/local/cms/user/wadud/aNTGCmet/aNTGC_analysis/data/ntuples_CMSSW_10_6_18_METbugfix/ZnunugammaaTGCZggh3m3p5em4h42p0em7Ptg6002jetsMadgraphV1.txt,/hdfs/cms/user/wadud/anTGC/analysis_data/pileup_CMSSW_10_6_18_METbugfix/ZnunugammaaTGCZggh3m3p5em4h42p0em7Ptg6002jetsMadgraphV1.root,10862,10862,10862,10862,14623.04793,,,TRUE,TRUE
ZnunugammaaTGCZggh3m3p5em4h44p0em7Ptg130to6002jetsMadgraphV1,ZnunugammaaTGCZggh3m3p5em4h44p0em7Ptg130to6002jetsMadgraphV1,0.2027,0.0006498,/local/cms/user/wadud/aNTGCmet/aNTGC_analysis/data/ntuples_CMSSW_10_6_18_METbugfix/ZnunugammaaTGCZggh3m3p5em4h44p0em7Ptg130to6002jetsMadgraphV1.txt,/hdfs/cms/user/wadud/anTGC/analysis_data/pileup_CMSSW_10_6_18_METbugfix/ZnunugammaaTGCZggh3m3p5em4h44p0em7Ptg130to6002jetsMadgraphV1.root,67228,67228,67228,67228,331.6625555,,,TRUE,TRUE
ZnunugammaaTGCZggh3m3p5em4h44p0em7Ptg6002jetsMadgraphV1,ZnunugammaaTGCZggh3m3p5em4h44p0em7Ptg6002jetsMadgraphV1,0.000739,0.000006112,/local/cms/user/wadud/aNTGCmet/aNTGC_analysis/data/ntuples_CMSSW_10_6_18_METbugfix/ZnunugammaaTGCZggh3m3p5em4h44p0em7Ptg6002jetsMadgraphV1.txt,/hdfs/cms/user/wadud/anTGC/analysis_data/pileup_CMSSW_10_6_18_METbugfix/ZnunugammaaTGCZggh3m3p5em4h44p0em7Ptg6002jetsMadgraphV1.root,10811,10811,10811,10811,14629.22869,,,TRUE,TRUE
ZnunugammaaTGCZggh3m3p5em4h45p0em7Ptg130to6002jetsMadgraphV1,ZnunugammaaTGCZggh3m3p5em4h45p0em7Ptg130to6002jetsMadgraphV1,0.2017,0.000653,/local/cms/user/wadud/aNTGCmet/aNTGC_analysis/data/ntuples_CMSSW_10_6_18_METbugfix/ZnunugammaaTGCZggh3m3p5em4h45p0em7Ptg130to6002jetsMadgraphV1.txt,/hdfs/cms/user/wadud/anTGC/analysis_data/pileup_CMSSW_10_6_18_METbugfix/ZnunugammaaTGCZggh3m3p5em4h45p0em7Ptg130to6002jetsMadgraphV1.root,66274,66274,66274,66274,328.5770947,,,TRUE,TRUE
ZnunugammaaTGCZggh3m3p5em4h45p0em7Ptg6002jetsMadgraphV1,ZnunugammaaTGCZggh3m3p5em4h45p0em7Ptg6002jetsMadgraphV1,0.0007426,0.000006053,/local/cms/user/wadud/aNTGCmet/aNTGC_analysis/data/ntuples_CMSSW_10_6_18_METbugfix/ZnunugammaaTGCZggh3m3p5em4h45p0em7Ptg6002jetsMadgraphV1.txt,/hdfs/cms/user/wadud/anTGC/analysis_data/pileup_CMSSW_10_6_18_METbugfix/ZnunugammaaTGCZggh3m3p5em4h45p0em7Ptg6002jetsMadgraphV1.root,11383,11383,11383,11383,15328.57528,,,TRUE,TRUE
ZnunugammaaTGCZggh3m3p5em4h4m2p0em7Ptg130to6002jetsMadgraphV1,ZnunugammaaTGCZggh3m3p5em4h4m2p0em7Ptg130to6002jetsMadgraphV1,0.2027,0.0006509,/local/cms/user/wadud/aNTGCmet/aNTGC_analysis/data/ntuples_CMSSW_10_6_18_METbugfix/ZnunugammaaTGCZggh3m3p5em4h4m2p0em7Ptg130to6002jetsMadgraphV1.txt,/hdfs/cms/user/wadud/anTGC/analysis_data/pileup_CMSSW_10_6_18_METbugfix/ZnunugammaaTGCZggh3m3p5em4h4m2p0em7Ptg130to6002jetsMadgraphV1.root,67139,67139,67139,67139,331.223483,,,TRUE,TRUE
ZnunugammaaTGCZggh3m3p5em4h4m2p0em7Ptg6002jetsMadgraphV1,ZnunugammaaTGCZggh3m3p5em4h4m2p0em7Ptg6002jetsMadgraphV1,0.0007325,0.000006014,/local/cms/user/wadud/aNTGCmet/aNTGC_analysis/data/ntuples_CMSSW_10_6_18_METbugfix/ZnunugammaaTGCZggh3m3p5em4h4m2p0em7Ptg6002jetsMadgraphV1.txt,/hdfs/cms/user/wadud/anTGC/analysis_data/pileup_CMSSW_10_6_18_METbugfix/ZnunugammaaTGCZggh3m3p5em4h4m2p0em7Ptg6002jetsMadgraphV1.root,11250,11250,11250,11250,15358.36177,,,TRUE,TRUE
ZnunugammaaTGCZggh3m3p5em4h4m4p0em7Ptg130to6002jetsMadgraphV1,ZnunugammaaTGCZggh3m3p5em4h4m4p0em7Ptg130to6002jetsMadgraphV1,0.2016,0.0006535,/local/cms/user/wadud/aNTGCmet/aNTGC_analysis/data/ntuples_CMSSW_10_6_18_METbugfix/ZnunugammaaTGCZggh3m3p5em4h4m4p0em7Ptg130to6002jetsMadgraphV1.txt,/hdfs/cms/user/wadud/anTGC/analysis_data/pileup_CMSSW_10_6_18_METbugfix/ZnunugammaaTGCZggh3m3p5em4h4m4p0em7Ptg130to6002jetsMadgraphV1.root,66156,66156,66156,66156,328.1547619,,,TRUE,TRUE
ZnunugammaaTGCZggh3m3p5em4h4m4p0em7Ptg6002jetsMadgraphV1,ZnunugammaaTGCZggh3m3p5em4h4m4p0em7Ptg6002jetsMadgraphV1,0.0007298,0.000006014,/local/cms/user/wadud/aNTGCmet/aNTGC_analysis/data/ntuples_CMSSW_10_6_18_METbugfix/ZnunugammaaTGCZggh3m3p5em4h4m4p0em7Ptg6002jetsMadgraphV1.txt,/hdfs/cms/user/wadud/anTGC/analysis_data/pileup_CMSSW_10_6_18_METbugfix/ZnunugammaaTGCZggh3m3p5em4h4m4p0em7Ptg6002jetsMadgraphV1.root,11192,11192,11192,11192,15335.70841,,,TRUE,TRUE
ZnunugammaaTGCZggh3m3p5em4h4m5p0em7Ptg130to6002jetsMadgraphV1,ZnunugammaaTGCZggh3m3p5em4h4m5p0em7Ptg130to6002jetsMadgraphV1,0.2027,0.0006508,/local/cms/user/wadud/aNTGCmet/aNTGC_analysis/data/ntuples_CMSSW_10_6_18_METbugfix/ZnunugammaaTGCZggh3m3p5em4h4m5p0em7Ptg130to6002jetsMadgraphV1.txt,/hdfs/cms/user/wadud/anTGC/analysis_data/pileup_CMSSW_10_6_18_METbugfix/ZnunugammaaTGCZggh3m3p5em4h4m5p0em7Ptg130to6002jetsMadgraphV1.root,66609,66609,66609,66609,328.6087815,,,TRUE,TRUE
ZnunugammaaTGCZggh3m3p5em4h4m5p0em7Ptg6002jetsMadgraphV1,ZnunugammaaTGCZggh3m3p5em4h4m5p0em7Ptg6002jetsMadgraphV1,0.000745,0.000006197,/local/cms/user/wadud/aNTGCmet/aNTGC_analysis/data/ntuples_CMSSW_10_6_18_METbugfix/ZnunugammaaTGCZggh3m3p5em4h4m5p0em7Ptg6002jetsMadgraphV1.txt,/hdfs/cms/user/wadud/anTGC/analysis_data/pileup_CMSSW_10_6_18_METbugfix/ZnunugammaaTGCZggh3m3p5em4h4m5p0em7Ptg6002jetsMadgraphV1.root,10912,10912,10912,10912,14646.97987,,,TRUE,TRUE
ZnunugammaaTGCZggh3m4p0em4h40p0Ptg130to6002jetsMadgraphV1,ZnunugammaaTGCZggh3m4p0em4h40p0Ptg130to6002jetsMadgraphV1,0.2023,0.000652,/local/cms/user/wadud/aNTGCmet/aNTGC_analysis/data/ntuples_CMSSW_10_6_18_METbugfix/ZnunugammaaTGCZggh3m4p0em4h40p0Ptg130to6002jetsMadgraphV1.txt,/hdfs/cms/user/wadud/anTGC/analysis_data/pileup_CMSSW_10_6_18_METbugfix/ZnunugammaaTGCZggh3m4p0em4h40p0Ptg130to6002jetsMadgraphV1.root,66501,66501,66501,66501,328.7246663,,,TRUE,TRUE
ZnunugammaaTGCZggh3m4p0em4h40p0Ptg6002jetsMadgraphV1,ZnunugammaaTGCZggh3m4p0em4h40p0Ptg6002jetsMadgraphV1,0.0007429,0.000006345,/local/cms/user/wadud/aNTGCmet/aNTGC_analysis/data/ntuples_CMSSW_10_6_18_METbugfix/ZnunugammaaTGCZggh3m4p0em4h40p0Ptg6002jetsMadgraphV1.txt,/hdfs/cms/user/wadud/anTGC/analysis_data/pileup_CMSSW_10_6_18_METbugfix/ZnunugammaaTGCZggh3m4p0em4h40p0Ptg6002jetsMadgraphV1.root,10354,10354,10354,10354,13937.27285,,,TRUE,TRUE
ZnunugammaaTGCZggh3m4p0em4h42p0em7Ptg130to6002jetsMadgraphV1,ZnunugammaaTGCZggh3m4p0em4h42p0em7Ptg130to6002jetsMadgraphV1,0.2024,0.0006544,/local/cms/user/wadud/aNTGCmet/aNTGC_analysis/data/ntuples_CMSSW_10_6_18_METbugfix/ZnunugammaaTGCZggh3m4p0em4h42p0em7Ptg130to6002jetsMadgraphV1.txt,/hdfs/cms/user/wadud/anTGC/analysis_data/pileup_CMSSW_10_6_18_METbugfix/ZnunugammaaTGCZggh3m4p0em4h42p0em7Ptg130to6002jetsMadgraphV1.root,66454,66454,66454,66454,328.3300395,,,TRUE,TRUE
ZnunugammaaTGCZggh3m4p0em4h42p0em7Ptg6002jetsMadgraphV1,ZnunugammaaTGCZggh3m4p0em4h42p0em7Ptg6002jetsMadgraphV1,0.0007323,0.000006024,/local/cms/user/wadud/aNTGCmet/aNTGC_analysis/data/ntuples_CMSSW_10_6_18_METbugfix/ZnunugammaaTGCZggh3m4p0em4h42p0em7Ptg6002jetsMadgraphV1.txt,/hdfs/cms/user/wadud/anTGC/analysis_data/pileup_CMSSW_10_6_18_METbugfix/ZnunugammaaTGCZggh3m4p0em4h42p0em7Ptg6002jetsMadgraphV1.root,11221,11221,11221,11221,15322.95507,,,TRUE,TRUE
ZnunugammaaTGCZggh3m4p0em4h44p0em7Ptg130to6002jetsMadgraphV1,ZnunugammaaTGCZggh3m4p0em4h44p0em7Ptg130to6002jetsMadgraphV1,0.2023,0.0006555,/local/cms/user/wadud/aNTGCmet/aNTGC_analysis/data/ntuples_CMSSW_10_6_18_METbugfix/ZnunugammaaTGCZggh3m4p0em4h44p0em7Ptg130to6002jetsMadgraphV1.txt,/hdfs/cms/user/wadud/anTGC/analysis_data/pileup_CMSSW_10_6_18_METbugfix/ZnunugammaaTGCZggh3m4p0em4h44p0em7Ptg130to6002jetsMadgraphV1.root,66094,66094,66094,66094,326.7128028,,,TRUE,TRUE
ZnunugammaaTGCZggh3m4p0em4h44p0em7Ptg6002jetsMadgraphV1,ZnunugammaaTGCZggh3m4p0em4h44p0em7Ptg6002jetsMadgraphV1,0.0007429,0.000006114,/local/cms/user/wadud/aNTGCmet/aNTGC_analysis/data/ntuples_CMSSW_10_6_18_METbugfix/ZnunugammaaTGCZggh3m4p0em4h44p0em7Ptg6002jetsMadgraphV1.txt,/hdfs/cms/user/wadud/anTGC/analysis_data/pileup_CMSSW_10_6_18_METbugfix/ZnunugammaaTGCZggh3m4p0em4h44p0em7Ptg6002jetsMadgraphV1.root,10879,10879,10879,10879,14643.96285,,,TRUE,TRUE
ZnunugammaaTGCZggh3m4p0em4h45p0em7Ptg130to6002jetsMadgraphV1,ZnunugammaaTGCZggh3m4p0em4h45p0em7Ptg130to6002jetsMadgraphV1,0.2023,0.000646,/local/cms/user/wadud/aNTGCmet/aNTGC_analysis/data/ntuples_CMSSW_10_6_18_METbugfix/ZnunugammaaTGCZggh3m4p0em4h45p0em7Ptg130to6002jetsMadgraphV1.txt,/hdfs/cms/user/wadud/anTGC/analysis_data/pileup_CMSSW_10_6_18_METbugfix/ZnunugammaaTGCZggh3m4p0em4h45p0em7Ptg130to6002jetsMadgraphV1.root,68419,68419,68419,68419,338.2056352,,,TRUE,TRUE
ZnunugammaaTGCZggh3m4p0em4h45p0em7Ptg6002jetsMadgraphV1,ZnunugammaaTGCZggh3m4p0em4h45p0em7Ptg6002jetsMadgraphV1,0.0007468,0.000006066,/local/cms/user/wadud/aNTGCmet/aNTGC_analysis/data/ntuples_CMSSW_10_6_18_METbugfix/ZnunugammaaTGCZggh3m4p0em4h45p0em7Ptg6002jetsMadgraphV1.txt,/hdfs/cms/user/wadud/anTGC/analysis_data/pileup_CMSSW_10_6_18_METbugfix/ZnunugammaaTGCZggh3m4p0em4h45p0em7Ptg6002jetsMadgraphV1.root,11436,11436,11436,11436,15313.3369,,,TRUE,TRUE
ZnunugammaaTGCZggh3m4p0em4h4m2p0em7Ptg130to6002jetsMadgraphV1,ZnunugammaaTGCZggh3m4p0em4h4m2p0em7Ptg130to6002jetsMadgraphV1,0.2026,0.0006509,/local/cms/user/wadud/aNTGCmet/aNTGC_analysis/data/ntuples_CMSSW_10_6_18_METbugfix/ZnunugammaaTGCZggh3m4p0em4h4m2p0em7Ptg130to6002jetsMadgraphV1.txt,/hdfs/cms/user/wadud/anTGC/analysis_data/pileup_CMSSW_10_6_18_METbugfix/ZnunugammaaTGCZggh3m4p0em4h4m2p0em7Ptg130to6002jetsMadgraphV1.root,67247,67247,67247,67247,331.9200395,,,TRUE,TRUE
ZnunugammaaTGCZggh3m4p0em4h4m2p0em7Ptg6002jetsMadgraphV1,ZnunugammaaTGCZggh3m4p0em4h4m2p0em7Ptg6002jetsMadgraphV1,0.0007489,0.000006071,/local/cms/user/wadud/aNTGCmet/aNTGC_analysis/data/ntuples_CMSSW_10_6_18_METbugfix/ZnunugammaaTGCZggh3m4p0em4h4m2p0em7Ptg6002jetsMadgraphV1.txt,/hdfs/cms/user/wadud/anTGC/analysis_data/pileup_CMSSW_10_6_18_METbugfix/ZnunugammaaTGCZggh3m4p0em4h4m2p0em7Ptg6002jetsMadgraphV1.root,11478,11478,11478,11478,15326.47884,,,TRUE,TRUE
ZnunugammaaTGCZggh3m4p0em4h4m4p0em7Ptg130to6002jetsMadgraphV1,ZnunugammaaTGCZggh3m4p0em4h4m4p0em7Ptg130to6002jetsMadgraphV1,0.2024,0.0006576,/local/cms/user/wadud/aNTGCmet/aNTGC_analysis/data/ntuples_CMSSW_10_6_18_METbugfix/ZnunugammaaTGCZggh3m4p0em4h4m4p0em7Ptg130to6002jetsMadgraphV1.txt,/hdfs/cms/user/wadud/anTGC/analysis_data/pileup_CMSSW_10_6_18_METbugfix/ZnunugammaaTGCZggh3m4p0em4h4m4p0em7Ptg130to6002jetsMadgraphV1.root,65759,65759,65759,65759,324.8962451,,,TRUE,TRUE
ZnunugammaaTGCZggh3m4p0em4h4m4p0em7Ptg6002jetsMadgraphV1,ZnunugammaaTGCZggh3m4p0em4h4m4p0em7Ptg6002jetsMadgraphV1,0.0007288,0.000006153,/local/cms/user/wadud/aNTGCmet/aNTGC_analysis/data/ntuples_CMSSW_10_6_18_METbugfix/ZnunugammaaTGCZggh3m4p0em4h4m4p0em7Ptg6002jetsMadgraphV1.txt,/hdfs/cms/user/wadud/anTGC/analysis_data/pileup_CMSSW_10_6_18_METbugfix/ZnunugammaaTGCZggh3m4p0em4h4m4p0em7Ptg6002jetsMadgraphV1.root,10671,10671,10671,10671,14641.87706,,,TRUE,TRUE
ZnunugammaaTGCZggh3m4p0em4h4m5p0em7Ptg130to6002jetsMadgraphV1,ZnunugammaaTGCZggh3m4p0em4h4m5p0em7Ptg130to6002jetsMadgraphV1,0.2018,0.0006538,/local/cms/user/wadud/aNTGCmet/aNTGC_analysis/data/ntuples_CMSSW_10_6_18_METbugfix/ZnunugammaaTGCZggh3m4p0em4h4m5p0em7Ptg130to6002jetsMadgraphV1.txt,/hdfs/cms/user/wadud/anTGC/analysis_data/pileup_CMSSW_10_6_18_METbugfix/ZnunugammaaTGCZggh3m4p0em4h4m5p0em7Ptg130to6002jetsMadgraphV1.root,66243,66243,66243,66243,328.2606541,,,TRUE,TRUE
ZnunugammaaTGCZggh3m4p0em4h4m5p0em7Ptg6002jetsMadgraphV1,ZnunugammaaTGCZggh3m4p0em4h4m5p0em7Ptg6002jetsMadgraphV1,0.0007446,0.000006054,/local/cms/user/wadud/aNTGCmet/aNTGC_analysis/data/ntuples_CMSSW_10_6_18_METbugfix/ZnunugammaaTGCZggh3m4p0em4h4m5p0em7Ptg6002jetsMadgraphV1.txt,/hdfs/cms/user/wadud/anTGC/analysis_data/pileup_CMSSW_10_6_18_METbugfix/ZnunugammaaTGCZggh3m4p0em4h4m5p0em7Ptg6002jetsMadgraphV1.root,11420,11420,11420,11420,15337.09374,,,TRUE,TRUE
ZNuNuGJetsMonoPhotonPtG130TuneCP513TeVmadgraph,/ZNuNuGJets_MonoPhoton_PtG-130_TuneCP5_13TeV-madgraph/RunIIFall17MiniAODv2-PU2017_12Apr2018_94X_mc2017_realistic_v14-v1/MINIAODSIM,.2038,.00007422,/local/cms/user/wadud/aNTGCmet/aNTGC_analysis/data/ntuples_CMSSW_10_6_18_METbugfix/ZNuNuGJetsMonoPhotonPtG130TuneCP513TeVmadgraph.txt,/hdfs/cms/user/wadud/anTGC/analysis_data/pileup_CMSSW_10_6_18_METbugfix/ZNuNuGJetsMonoPhotonPtG130TuneCP513TeVmadgraph.root,5127446,5110900,5127446,5094407.393,24997.09221,Z(#rightarrow#nu#nu)+#gamma,,TRUE,TRUE
ZZTuneCP513TeVpythia8,/ZZ_TuneCP5_13TeV-pythia8/RunIIFall17MiniAODv2-PU2017_12Apr2018_new_pmx_94X_mc2017_realistic_v14-v2/MINIAODSIM,12.14,.004468,/local/cms/user/wadud/aNTGCmet/aNTGC_analysis/data/ntuples_CMSSW_10_6_18_METbugfix/ZZTuneCP513TeVpythia8.txt,/hdfs/cms/user/wadud/anTGC/analysis_data/pileup_CMSSW_10_6_18_METbugfix/ZZTuneCP513TeVpythia8.root,1925931,1925931,1925931,1925931,158.6434102,ZZ,,TRUE,TRUE




